,lat,long,NAME,FOLDERPATH,SYMBOLID
0,103.858333937416,1.3559533317473,CENTRAL EXPRESSWAY,Layers/Expressway_Sliproad,2
1,103.857586091965,1.35610979081088,CENTRAL EXPRESSWAY,Layers/Expressway_Sliproad,2
2,103.860424415728,1.36816548664505,CENTRAL EXPRESSWAY,Layers/Expressway_Sliproad,2
3,103.85978033742,1.37228389603645,CENTRAL EXPRESSWAY,Layers/Expressway_Sliproad,2
4,103.859369200799,1.36913452283533,CENTRAL EXPRESSWAY,Layers/Expressway_Sliproad,2
5,103.860451559183,1.36931758934421,CENTRAL EXPRESSWAY,Layers/Expressway_Sliproad,2
6,103.858937366151,1.37666399773765,CENTRAL EXPRESSWAY,Layers/Expressway_Sliproad,2
7,103.859737263886,1.37689912906148,CENTRAL EXPRESSWAY,Layers/Expressway_Sliproad,2
8,103.85870132841,1.37762417001705,CENTRAL EXPRESSWAY,Layers/Expressway_Sliproad,2
9,103.857827864162,1.3899860252144,CENTRAL EXPRESSWAY,Layers/Expressway_Sliproad,2
10,103.857897246357,1.39071095004824,CENTRAL EXPRESSWAY,Layers/Expressway_Sliproad,2
11,103.857897246357,1.39071095004824,CENTRAL EXPRESSWAY,Layers/Expressway_Sliproad,2
12,103.856671578357,1.39141678433829,CENTRAL EXPRESSWAY,Layers/Expressway_Sliproad,2
13,103.858111700923,1.39113328760861,CENTRAL EXPRESSWAY,Layers/Expressway_Sliproad,2
14,103.855159897177,1.40173659707729,CENTRAL EXPRESSWAY,Layers/Expressway_Sliproad,2
15,103.971489908351,1.32369026469379,CHANGI COAST ROAD,Layers/Expressway_Sliproad,2
16,103.968919426297,1.34410852858512,CHANGI NORTH CRESCENT,Layers/Expressway_Sliproad,2
17,103.968754948555,1.34493598734018,CHANGI NORTH CRESCENT,Layers/Expressway_Sliproad,2
18,103.971127281015,1.34088120701498,CHANGI SOUTH AVENUE 3,Layers/Expressway_Sliproad,2
19,103.837800603693,1.28570744444278,CHIN SWEE ROAD,Layers/Expressway_Sliproad,2
20,103.741790525951,1.38613488963764,CHOA CHU KANG DRIVE,Layers/Expressway_Sliproad,2
21,103.742159862073,1.38535679275054,CHOA CHU KANG DRIVE,Layers/Expressway_Sliproad,2
22,103.745278217239,1.38872415000427,CHOA CHU KANG DRIVE,Layers/Expressway_Sliproad,2
23,103.742080239814,1.38635394303608,CHOA CHU KANG DRIVE,Layers/Expressway_Sliproad,2
24,103.745278217239,1.38872415000427,CHOA CHU KANG DRIVE,Layers/Expressway_Sliproad,2
25,103.745864509731,1.38994164538156,CHOA CHU KANG DRIVE,Layers/Expressway_Sliproad,2
26,103.749608489677,1.38976353556826,CHOA CHU KANG DRIVE,Layers/Expressway_Sliproad,2
27,103.745864509731,1.38994164538156,CHOA CHU KANG DRIVE,Layers/Expressway_Sliproad,2
28,103.817510999261,1.33219151506609,LORNIE HIGHWAY,Layers/Expressway_Sliproad,2
29,103.822048025073,1.33669498435499,LORNIE HIGHWAY,Layers/Expressway_Sliproad,2
30,103.9285309104,1.37712450429328,TAMPINES AVENUE 10,Layers/Expressway_Sliproad,2
31,103.97047489292,1.32254844042916,XILIN AVENUE,Layers/Expressway_Sliproad,2
32,103.972296683432,1.32650380419848,XILIN AVENUE,Layers/Expressway_Sliproad,2
33,103.974385848971,1.3287130141118,XILIN AVENUE,Layers/Expressway_Sliproad,2
34,103.97045403717,1.32630159100271,XILIN AVENUE,Layers/Expressway_Sliproad,2
35,103.74141454784,1.38585060837157,CHOA CHU KANG WAY,Layers/Expressway_Sliproad,2
36,103.738830542424,1.38412044076177,CHOA CHU KANG WAY,Layers/Expressway_Sliproad,2
37,103.74141454784,1.38585060837157,CHOA CHU KANG WAY,Layers/Expressway_Sliproad,2
38,103.741698797002,1.38736505125818,CHOA CHU KANG WAY,Layers/Expressway_Sliproad,2
39,103.744976949615,1.38964670567385,CHOA CHU KANG WAY,Layers/Expressway_Sliproad,2
40,103.741698797002,1.38736505125818,CHOA CHU KANG WAY,Layers/Expressway_Sliproad,2
41,103.745476721073,1.38981278176925,CHOA CHU KANG WAY,Layers/Expressway_Sliproad,2
42,103.74519994199,1.3906463119689,CHOA CHU KANG WAY,Layers/Expressway_Sliproad,2
43,103.765145868126,1.30935591391711,CLEMENTI AVENUE 2,Layers/Expressway_Sliproad,2
44,103.766982876816,1.30720938470899,CLEMENTI AVENUE 2,Layers/Expressway_Sliproad,2
45,103.760857164804,1.31363794368356,CLEMENTI AVENUE 6,Layers/Expressway_Sliproad,2
46,103.76143243726,1.31349021988875,CLEMENTI AVENUE 6,Layers/Expressway_Sliproad,2
47,103.761323562016,1.33441315421435,CLEMENTI AVENUE 6,Layers/Expressway_Sliproad,2
48,103.763375360982,1.33299266523883,CLEMENTI AVENUE 6,Layers/Expressway_Sliproad,2
49,103.768784669307,1.33254440672156,CLEMENTI AVENUE 6,Layers/Expressway_Sliproad,2
50,103.770263488906,1.30450774410722,CLEMENTI ROAD,Layers/Expressway_Sliproad,2
51,103.77174860427,1.30383378739068,CLEMENTI ROAD,Layers/Expressway_Sliproad,2
52,103.77102291663,1.30436371420284,CLEMENTI ROAD,Layers/Expressway_Sliproad,2
53,103.773784637577,1.30301943764902,CLEMENTI ROAD,Layers/Expressway_Sliproad,2
54,103.77883571171,1.36897895788385,DAIRY FARM ROAD,Layers/Expressway_Sliproad,2
55,103.780397386091,1.3620019555824,DAIRY FARM ROAD,Layers/Expressway_Sliproad,2
56,103.892904594938,1.29552944481682,EAST COAST PARK SERVICE ROAD,Layers/Expressway_Sliproad,2
57,103.771333641144,1.30710993514361,AYER RAJAH EXPRESSWAY,Layers/Expressway_Sliproad,2
58,103.770239566336,1.30568481241672,AYER RAJAH EXPRESSWAY,Layers/Expressway_Sliproad,2
59,103.76615773844,1.30775069238798,AYER RAJAH EXPRESSWAY,Layers/Expressway_Sliproad,2
60,103.764416861284,1.30720915237526,AYER RAJAH EXPRESSWAY,Layers/Expressway_Sliproad,2
61,103.765542796641,1.30860263376696,AYER RAJAH EXPRESSWAY,Layers/Expressway_Sliproad,2
62,103.766330942559,1.30832011635112,AYER RAJAH EXPRESSWAY,Layers/Expressway_Sliproad,2
63,103.766796034608,1.30990907577142,AYER RAJAH EXPRESSWAY,Layers/Expressway_Sliproad,2
64,103.765525281789,1.30935217658812,AYER RAJAH EXPRESSWAY,Layers/Expressway_Sliproad,2
65,103.76178999878,1.31269728114762,AYER RAJAH EXPRESSWAY,Layers/Expressway_Sliproad,2
66,103.760566874354,1.31291558260944,AYER RAJAH EXPRESSWAY,Layers/Expressway_Sliproad,2
67,103.756799456223,1.31830035309945,AYER RAJAH EXPRESSWAY,Layers/Expressway_Sliproad,2
68,103.760950920722,1.3141235102897,AYER RAJAH EXPRESSWAY,Layers/Expressway_Sliproad,2
69,103.761318326362,1.31633151205373,AYER RAJAH EXPRESSWAY,Layers/Expressway_Sliproad,2
70,103.759664551359,1.31546870115148,AYER RAJAH EXPRESSWAY,Layers/Expressway_Sliproad,2
71,103.666552470427,1.32156296911427,AYER RAJAH EXPRESSWAY,Layers/Expressway_Sliproad,2
72,103.705260884707,1.32212985012043,AYER RAJAH EXPRESSWAY,Layers/Expressway_Sliproad,2
73,103.699080615015,1.32222230098208,AYER RAJAH EXPRESSWAY,Layers/Expressway_Sliproad,2
74,103.746340912164,1.32284767134443,AYER RAJAH EXPRESSWAY,Layers/Expressway_Sliproad,2
75,103.675976758885,1.32275911274451,AYER RAJAH EXPRESSWAY,Layers/Expressway_Sliproad,2
76,103.715386000753,1.32235602327522,AYER RAJAH EXPRESSWAY,Layers/Expressway_Sliproad,2
77,103.682819073227,1.32247625584905,AYER RAJAH EXPRESSWAY,Layers/Expressway_Sliproad,2
78,103.691108560611,1.32295153591155,AYER RAJAH EXPRESSWAY,Layers/Expressway_Sliproad,2
79,103.745751480002,1.32225661180356,AYER RAJAH EXPRESSWAY,Layers/Expressway_Sliproad,2
80,103.74577078924,1.32286463330476,AYER RAJAH EXPRESSWAY,Layers/Expressway_Sliproad,2
81,103.663543394885,1.32241013813026,AYER RAJAH EXPRESSWAY,Layers/Expressway_Sliproad,2
82,103.663733703676,1.32361870985737,AYER RAJAH EXPRESSWAY,Layers/Expressway_Sliproad,2
83,103.74609106658,1.32373563269853,AYER RAJAH EXPRESSWAY,Layers/Expressway_Sliproad,2
84,103.745717221274,1.32452535039551,AYER RAJAH EXPRESSWAY,Layers/Expressway_Sliproad,2
85,103.723838044816,1.32473081337893,AYER RAJAH EXPRESSWAY,Layers/Expressway_Sliproad,2
86,103.745163518834,1.32391187822944,AYER RAJAH EXPRESSWAY,Layers/Expressway_Sliproad,2
87,103.771539738619,1.42324051004995,BUKIT TIMAH EXPRESSWAY,Layers/Expressway_Sliproad,2
88,103.768703234801,1.43061118055872,BUKIT TIMAH EXPRESSWAY,Layers/Expressway_Sliproad,2
89,103.767640455122,1.43062350831205,BUKIT TIMAH EXPRESSWAY,Layers/Expressway_Sliproad,2
90,103.768930512148,1.43135825704316,BUKIT TIMAH EXPRESSWAY,Layers/Expressway_Sliproad,2
91,103.76827482114,1.43994541561293,BUKIT TIMAH EXPRESSWAY,Layers/Expressway_Sliproad,2
92,103.844197064027,1.31106389498738,BUKIT TIMAH ROAD,Layers/Expressway_Sliproad,2
93,103.844197064027,1.31106389498738,BUKIT TIMAH ROAD,Layers/Expressway_Sliproad,2
94,103.844836710073,1.31294744502532,BUKIT TIMAH ROAD,Layers/Expressway_Sliproad,2
95,103.775630294559,1.33576682330263,BUKIT TIMAH ROAD,Layers/Expressway_Sliproad,2
96,103.840595956392,1.30722048009391,CAIRNHILL CIRCLE,Layers/Expressway_Sliproad,2
97,103.8290357139,1.27907078171815,CENTRAL EXPRESSWAY,Layers/Expressway_Sliproad,2
98,103.829661298879,1.27865635203036,CENTRAL EXPRESSWAY,Layers/Expressway_Sliproad,2
99,103.829579844575,1.27933042213651,CENTRAL EXPRESSWAY,Layers/Expressway_Sliproad,2
100,103.8355864789,1.28358456379036,CENTRAL EXPRESSWAY,Layers/Expressway_Sliproad,2
101,103.837163225012,1.2843396306409,CENTRAL EXPRESSWAY,Layers/Expressway_Sliproad,2
102,103.843059098186,1.28771319257669,CENTRAL EXPRESSWAY,Layers/Expressway_Sliproad,2
103,103.843120830747,1.28962812978621,CENTRAL EXPRESSWAY,Layers/Expressway_Sliproad,2
104,103.842339849837,1.29058822270417,CENTRAL EXPRESSWAY,Layers/Expressway_Sliproad,2
105,103.842641175066,1.28989414419099,CENTRAL EXPRESSWAY,Layers/Expressway_Sliproad,2
106,103.84280419688,1.30135759261724,CENTRAL EXPRESSWAY,Layers/Expressway_Sliproad,2
107,103.843222734197,1.30095341138865,CENTRAL EXPRESSWAY,Layers/Expressway_Sliproad,2
108,103.842961577651,1.30173443539481,CENTRAL EXPRESSWAY,Layers/Expressway_Sliproad,2
109,103.839475838086,1.30623756432704,CENTRAL EXPRESSWAY,Layers/Expressway_Sliproad,2
110,103.844989782656,1.31162473407413,CENTRAL EXPRESSWAY,Layers/Expressway_Sliproad,2
111,103.851016335568,1.31905650765463,CENTRAL EXPRESSWAY,Layers/Expressway_Sliproad,2
112,103.85425247165,1.31896855283548,CENTRAL EXPRESSWAY,Layers/Expressway_Sliproad,2
113,103.853655609092,1.31913047886885,CENTRAL EXPRESSWAY,Layers/Expressway_Sliproad,2
114,103.85080918186,1.31934437742985,CENTRAL EXPRESSWAY,Layers/Expressway_Sliproad,2
115,103.851066470614,1.31935994242606,CENTRAL EXPRESSWAY,Layers/Expressway_Sliproad,2
116,103.853773172908,1.31846940364943,CENTRAL EXPRESSWAY,Layers/Expressway_Sliproad,2
117,103.862631680439,1.33003012715838,CENTRAL EXPRESSWAY,Layers/Expressway_Sliproad,2
118,103.862015174904,1.33148884177063,CENTRAL EXPRESSWAY,Layers/Expressway_Sliproad,2
119,103.865808343957,1.3291921220533,CENTRAL EXPRESSWAY,Layers/Expressway_Sliproad,2
120,103.863950057768,1.33005740206098,CENTRAL EXPRESSWAY,Layers/Expressway_Sliproad,2
121,103.864406051376,1.32998462483185,CENTRAL EXPRESSWAY,Layers/Expressway_Sliproad,2
122,103.861772801741,1.33076405978359,CENTRAL EXPRESSWAY,Layers/Expressway_Sliproad,2
123,103.862521684267,1.33282440934848,CENTRAL EXPRESSWAY,Layers/Expressway_Sliproad,2
124,103.863296201078,1.33056076401949,CENTRAL EXPRESSWAY,Layers/Expressway_Sliproad,2
125,103.863296201078,1.33056076401949,CENTRAL EXPRESSWAY,Layers/Expressway_Sliproad,2
126,103.863950057768,1.33005740206098,CENTRAL EXPRESSWAY,Layers/Expressway_Sliproad,2
127,103.862586844212,1.33276619372681,CENTRAL EXPRESSWAY,Layers/Expressway_Sliproad,2
128,103.862521684267,1.33282440934848,CENTRAL EXPRESSWAY,Layers/Expressway_Sliproad,2
129,103.862586844212,1.33276619372681,CENTRAL EXPRESSWAY,Layers/Expressway_Sliproad,2
130,103.860100074373,1.34280145322439,CENTRAL EXPRESSWAY,Layers/Expressway_Sliproad,2
131,103.859600549312,1.34321139710829,CENTRAL EXPRESSWAY,Layers/Expressway_Sliproad,2
132,103.860623031595,1.34365855784618,CENTRAL EXPRESSWAY,Layers/Expressway_Sliproad,2
133,103.862538362301,1.33304678513161,CENTRAL EXPRESSWAY,Layers/Expressway_Sliproad,2
134,103.860623031595,1.34365855784618,CENTRAL EXPRESSWAY,Layers/Expressway_Sliproad,2
135,103.860892698978,1.34361050863357,CENTRAL EXPRESSWAY,Layers/Expressway_Sliproad,2
136,103.860623031595,1.34365855784618,CENTRAL EXPRESSWAY,Layers/Expressway_Sliproad,2
137,103.860647279152,1.34381127396884,CENTRAL EXPRESSWAY,Layers/Expressway_Sliproad,2
138,103.860460967033,1.34510845743097,CENTRAL EXPRESSWAY,Layers/Expressway_Sliproad,2
139,103.860164233842,1.34498517958943,CENTRAL EXPRESSWAY,Layers/Expressway_Sliproad,2
140,103.856256394827,1.35492545375958,CENTRAL EXPRESSWAY,Layers/Expressway_Sliproad,2
141,103.857586091965,1.35610979081088,CENTRAL EXPRESSWAY,Layers/Expressway_Sliproad,2
142,103.855111356395,1.3564295859573,CENTRAL EXPRESSWAY,Layers/Expressway_Sliproad,2
143,103.857748059967,1.35528530193463,CENTRAL EXPRESSWAY,Layers/Expressway_Sliproad,2
144,103.738093565722,1.32694778898737,AYER RAJAH EXPRESSWAY,Layers/Expressway_Sliproad,2
145,103.737718144847,1.32654675529028,AYER RAJAH EXPRESSWAY,Layers/Expressway_Sliproad,2
146,103.734971799084,1.32699362308832,AYER RAJAH EXPRESSWAY,Layers/Expressway_Sliproad,2
147,103.663029393328,1.32363660832357,AYER RAJAH EXPRESSWAY,Layers/Expressway_Sliproad,2
148,103.654331216406,1.33128473011866,AYER RAJAH EXPRESSWAY,Layers/Expressway_Sliproad,2
149,103.637455376693,1.34769341666567,AYER RAJAH EXPRESSWAY,Layers/Expressway_Sliproad,2
150,103.850287642671,1.31789530495645,BALESTIER ROAD,Layers/Expressway_Sliproad,2
151,103.85402674135,1.31856556443921,BALESTIER ROAD,Layers/Expressway_Sliproad,2
152,103.85402674135,1.31856556443921,BALESTIER ROAD,Layers/Expressway_Sliproad,2
153,103.856286833051,1.32180018621222,BALESTIER ROAD,Layers/Expressway_Sliproad,2
154,103.942307697732,1.31133180020776,BAYSHORE ROAD,Layers/Expressway_Sliproad,2
155,103.933286243928,1.33500106463214,BEDOK NORTH AVENUE 3,Layers/Expressway_Sliproad,2
156,103.928914774284,1.3354472778431,BEDOK NORTH AVENUE 3,Layers/Expressway_Sliproad,2
157,103.933843969074,1.33565039167571,BEDOK NORTH AVENUE 3,Layers/Expressway_Sliproad,2
158,103.93823757764,1.33511214527514,BEDOK NORTH AVENUE 3,Layers/Expressway_Sliproad,2
159,103.933843969074,1.33565039167571,BEDOK NORTH AVENUE 3,Layers/Expressway_Sliproad,2
160,103.917484420187,1.33135281424639,BEDOK NORTH ROAD,Layers/Expressway_Sliproad,2
161,103.931126069672,1.30793075789824,BEDOK SOUTH AVENUE 1,Layers/Expressway_Sliproad,2
162,103.937337507696,1.30990459228577,BEDOK SOUTH AVENUE 1,Layers/Expressway_Sliproad,2
163,103.867819892899,1.32815015102892,BENDEMEER ROAD,Layers/Expressway_Sliproad,2
164,103.861666323699,1.3401746738252,BRADDELL ROAD,Layers/Expressway_Sliproad,2
165,103.862102153138,1.33943106232197,BRADDELL ROAD,Layers/Expressway_Sliproad,2
166,103.861652830935,1.34064421816824,BRADDELL ROAD,Layers/Expressway_Sliproad,2
167,103.859869943411,1.34415379794026,BRADDELL ROAD,Layers/Expressway_Sliproad,2
168,103.860867123744,1.34293235682247,BRADDELL ROAD,Layers/Expressway_Sliproad,2
169,103.859869943411,1.34415379794026,BRADDELL ROAD,Layers/Expressway_Sliproad,2
170,103.860485231572,1.34427659115563,BRADDELL ROAD,Layers/Expressway_Sliproad,2
171,103.859004907045,1.34716420654895,BRADDELL ROAD,Layers/Expressway_Sliproad,2
172,103.732387070281,1.37811490531559,BRICKLAND ROAD,Layers/Expressway_Sliproad,2
173,103.729879228841,1.37642038660982,BRICKLAND ROAD,Layers/Expressway_Sliproad,2
174,103.732387070281,1.37811490531559,BRICKLAND ROAD,Layers/Expressway_Sliproad,2
175,103.908877821862,1.37261253570324,BUANGKOK EAST DRIVE,Layers/Expressway_Sliproad,2
176,103.76342289575,1.33346165614197,BUKIT BATOK EAST AVENUE 3,Layers/Expressway_Sliproad,2
177,103.762993203061,1.33391750742572,BUKIT BATOK EAST AVENUE 3,Layers/Expressway_Sliproad,2
178,103.761965373867,1.33448230170428,BUKIT BATOK EAST AVENUE 3,Layers/Expressway_Sliproad,2
179,103.736629126416,1.34611643238908,BUKIT BATOK ROAD,Layers/Expressway_Sliproad,2
180,103.74026053793,1.34516282132331,BUKIT BATOK ROAD,Layers/Expressway_Sliproad,2
181,103.778347735917,1.3716745198352,BUKIT PANJANG ROAD,Layers/Expressway_Sliproad,2
182,103.776440432635,1.37770990778124,BUKIT PANJANG ROAD,Layers/Expressway_Sliproad,2
183,103.792122999129,1.34929662204044,BUKIT TIMAH EXPRESSWAY,Layers/Expressway_Sliproad,2
184,103.793687233902,1.34962836628217,BUKIT TIMAH EXPRESSWAY,Layers/Expressway_Sliproad,2
185,103.778714877442,1.36524180426422,BUKIT TIMAH EXPRESSWAY,Layers/Expressway_Sliproad,2
186,103.779409485377,1.36534931635407,BUKIT TIMAH EXPRESSWAY,Layers/Expressway_Sliproad,2
187,103.775959030777,1.37554779659821,BUKIT TIMAH EXPRESSWAY,Layers/Expressway_Sliproad,2
188,103.77865982282,1.3749241089098,BUKIT TIMAH EXPRESSWAY,Layers/Expressway_Sliproad,2
189,103.771653111394,1.39034338729089,BUKIT TIMAH EXPRESSWAY,Layers/Expressway_Sliproad,2
190,103.775910984774,1.39081053408354,BUKIT TIMAH EXPRESSWAY,Layers/Expressway_Sliproad,2
191,103.771126880569,1.40962368558484,BUKIT TIMAH EXPRESSWAY,Layers/Expressway_Sliproad,2
192,103.771123839375,1.41004432302805,BUKIT TIMAH EXPRESSWAY,Layers/Expressway_Sliproad,2
193,103.770411068195,1.41011349478937,BUKIT TIMAH EXPRESSWAY,Layers/Expressway_Sliproad,2
194,103.77219280656,1.40992041484343,BUKIT TIMAH EXPRESSWAY,Layers/Expressway_Sliproad,2
195,103.772855761576,1.40993337642156,BUKIT TIMAH EXPRESSWAY,Layers/Expressway_Sliproad,2
196,103.772217932261,1.41028536595548,BUKIT TIMAH EXPRESSWAY,Layers/Expressway_Sliproad,2
197,103.770180930224,1.42069344763839,BUKIT TIMAH EXPRESSWAY,Layers/Expressway_Sliproad,2
198,103.772374086991,1.4206962516526,BUKIT TIMAH EXPRESSWAY,Layers/Expressway_Sliproad,2
199,103.775259802335,1.42463166835934,BUKIT TIMAH EXPRESSWAY,Layers/Expressway_Sliproad,2
200,103.8207130696,1.33581061603438,LORNIE HIGHWAY,Layers/Expressway,1
201,103.830087570648,1.34068522642971,LORNIE HIGHWAY,Layers/Expressway,1
202,103.8207130696,1.33581061603438,LORNIE HIGHWAY,Layers/Expressway,1
203,103.980676494958,1.33907709100369,EAST COAST PARKWAY,Layers/Expressway,1
204,103.86163042412,1.28612943087316,EAST COAST PARKWAY,Layers/Expressway,1
205,103.876391046163,1.29647364677785,KALLANG PAYA LEBAR EXPRESSWAY,Layers/Expressway,1
206,103.876391046163,1.29647364677785,KALLANG PAYA LEBAR EXPRESSWAY,Layers/Expressway,1
207,103.90610487061,1.36495228122189,KALLANG PAYA LEBAR EXPRESSWAY,Layers/Expressway,1
208,103.876150024721,1.29515224039529,KALLANG PAYA LEBAR EXPRESSWAY,Layers/Expressway,1
209,103.876351861169,1.29485126442294,KALLANG PAYA LEBAR EXPRESSWAY,Layers/Expressway,1
210,103.918056141304,1.38370827107959,KALLANG PAYA LEBAR EXPRESSWAY,Layers/Expressway,1
211,103.877871798051,1.29990360439606,KALLANG PAYA LEBAR EXPRESSWAY,Layers/Expressway,1
212,103.775741660211,1.39085422516696,KRANJI EXPRESSWAY,Layers/Expressway,1
213,103.703263709639,1.36090660089321,KRANJI EXPRESSWAY,Layers/Expressway,1
214,103.875997871632,1.2952000992381,MARINA COASTAL EXPRESSWAY,Layers/Expressway,1
215,103.849495890173,1.27304264622453,MARINA COASTAL EXPRESSWAY,Layers/Expressway,1
216,103.877011150912,1.30723617624527,NICOLL UNDERPASS,Layers/Expressway,1
217,103.666335518178,1.32704531328959,PAN ISLAND EXPRESSWAY,Layers/Expressway,1
218,103.666335518178,1.32704531328959,PAN ISLAND EXPRESSWAY,Layers/Expressway,1
219,103.663525970183,1.32278088319454,PAN ISLAND EXPRESSWAY,Layers/Expressway,1
220,103.663831823833,1.32285900482277,PAN ISLAND EXPRESSWAY,Layers/Expressway,1
221,103.98116429444,1.33704182212563,PAN ISLAND EXPRESSWAY,Layers/Expressway,1
222,103.665843723878,1.32611527595675,PAN ISLAND EXPRESSWAY,Layers/Expressway,1
223,103.966727255209,1.34702840721646,PAN ISLAND EXPRESSWAY,Layers/Expressway,1
224,103.770225386033,1.42053118889385,SELETAR EXPRESSWAY,Layers/Expressway,1
225,103.858191170624,1.39107967697165,SELETAR EXPRESSWAY,Layers/Expressway,1
226,103.86069392831,1.40093610506116,SELETAR EXPRESSWAY,Layers/Expressway,1
227,103.85197680783,1.39697896192873,SELETAR EXPRESSWAY,Layers/Expressway,1
228,103.820412918928,1.33271257268608,SIME UNDERPASS,Layers/Expressway,1
229,103.848395267988,1.39641401618035,TAMPINES EXPRESSWAY,Layers/Expressway,1
230,103.96760621176,1.34615899910175,TAMPINES EXPRESSWAY,Layers/Expressway,1
231,103.815114576021,1.33292883855802,ADAM ROAD,Layers/Expressway_Sliproad,2
232,103.815114576021,1.33292883855802,ADAM ROAD,Layers/Expressway_Sliproad,2
233,103.818835769825,1.33127593556137,ADAM ROAD,Layers/Expressway_Sliproad,2
234,103.813348176072,1.33371066145035,ADAM ROAD,Layers/Expressway_Sliproad,2
235,103.779407123344,1.4511935844414,ADMIRALTY ROAD WEST,Layers/Expressway_Sliproad,2
236,103.888619694124,1.33271717525622,AIRPORT ROAD,Layers/Expressway_Sliproad,2
237,103.898490801388,1.34632025338049,AIRPORT ROAD,Layers/Expressway_Sliproad,2
238,103.80077413477,1.28372083299544,ALEXANDRA ROAD,Layers/Expressway_Sliproad,2
239,103.80077413477,1.28372083299544,ALEXANDRA ROAD,Layers/Expressway_Sliproad,2
240,103.797618226766,1.28595318510025,ALEXANDRA ROAD,Layers/Expressway_Sliproad,2
241,103.857417235313,1.35218721263211,ANG MO KIO AVENUE 1,Layers/Expressway_Sliproad,2
242,103.856474529789,1.35627972729439,ANG MO KIO AVENUE 1,Layers/Expressway_Sliproad,2
243,103.857492107287,1.35464383890625,ANG MO KIO AVENUE 1,Layers/Expressway_Sliproad,2
244,103.857335474222,1.35831522766172,ANG MO KIO AVENUE 1,Layers/Expressway_Sliproad,2
245,103.856474529789,1.35627972729439,ANG MO KIO AVENUE 1,Layers/Expressway_Sliproad,2
246,103.860397439319,1.36627974831082,ANG MO KIO AVENUE 3,Layers/Expressway_Sliproad,2
247,103.860324961979,1.37000794170637,ANG MO KIO AVENUE 3,Layers/Expressway_Sliproad,2
248,103.860324961979,1.37000794170637,ANG MO KIO AVENUE 3,Layers/Expressway_Sliproad,2
249,103.861339610064,1.3688851410565,ANG MO KIO AVENUE 3,Layers/Expressway_Sliproad,2
250,103.861339610064,1.3688851410565,ANG MO KIO AVENUE 3,Layers/Expressway_Sliproad,2
251,103.858295077238,1.37581521542438,ANG MO KIO AVENUE 3,Layers/Expressway_Sliproad,2
252,103.857301706277,1.37618085196526,ANG MO KIO AVENUE 3,Layers/Expressway_Sliproad,2
253,103.858081552893,1.37641060580397,ANG MO KIO AVENUE 3,Layers/Expressway_Sliproad,2
254,103.861270223444,1.36951038490187,ANG MO KIO AVENUE 5,Layers/Expressway_Sliproad,2
255,103.862090588565,1.36975689034288,ANG MO KIO AVENUE 5,Layers/Expressway_Sliproad,2
256,103.860104398242,1.37229397245202,ANG MO KIO AVENUE 5,Layers/Expressway_Sliproad,2
257,103.861211155004,1.37020723075125,ANG MO KIO AVENUE 5,Layers/Expressway_Sliproad,2
258,103.859984039364,1.37296485827494,ANG MO KIO AVENUE 5,Layers/Expressway_Sliproad,2
259,103.857946512829,1.37695024129933,ANG MO KIO AVENUE 5,Layers/Expressway_Sliproad,2
260,103.857946512829,1.37695024129933,ANG MO KIO AVENUE 5,Layers/Expressway_Sliproad,2
262,103.817926984784,1.33440965621261,ADAM UNDERPASS,Layers/Expressway,1
263,103.636837171606,1.34742114723194,AYER RAJAH EXPRESSWAY,Layers/Expressway,1
264,103.848906694158,1.27300955373324,AYER RAJAH EXPRESSWAY,Layers/Expressway,1
265,103.76842539978,1.43676811989685,BUKIT TIMAH EXPRESSWAY,Layers/Expressway,1
266,103.793550354056,1.34813423586079,BUKIT TIMAH EXPRESSWAY,Layers/Expressway,1
267,103.858023290224,1.39108702398994,CENTRAL EXPRESSWAY,Layers/Expressway,1
268,103.825083394937,1.27778533659887,CENTRAL EXPRESSWAY,Layers/Expressway,1
269,103.859051364934,1.37611825705496,ANG MO KIO AVENUE 5,Layers/Expressway_Sliproad,2
270,103.859051364934,1.37611825705496,ANG MO KIO AVENUE 5,Layers/Expressway_Sliproad,2
271,103.858167591985,1.3794333109102,ANG MO KIO AVENUE 5,Layers/Expressway_Sliproad,2
272,103.829993631961,1.27029219276563,AYER RAJAH EXPRESSWAY,Layers/Expressway_Sliproad,2
273,103.833370650409,1.27263880236625,AYER RAJAH EXPRESSWAY,Layers/Expressway_Sliproad,2
274,103.824283697424,1.27786752528892,AYER RAJAH EXPRESSWAY,Layers/Expressway_Sliproad,2
275,103.823620033201,1.27766065208099,AYER RAJAH EXPRESSWAY,Layers/Expressway_Sliproad,2
276,103.823593047591,1.2783346290502,AYER RAJAH EXPRESSWAY,Layers/Expressway_Sliproad,2
277,103.822927184119,1.27913600228173,AYER RAJAH EXPRESSWAY,Layers/Expressway_Sliproad,2
278,103.823845642997,1.27896872276827,AYER RAJAH EXPRESSWAY,Layers/Expressway_Sliproad,2
279,103.82366246767,1.2793008528171,AYER RAJAH EXPRESSWAY,Layers/Expressway_Sliproad,2
280,103.80188341679,1.28471791365731,AYER RAJAH EXPRESSWAY,Layers/Expressway_Sliproad,2
281,103.802100305863,1.2850462712886,AYER RAJAH EXPRESSWAY,Layers/Expressway_Sliproad,2
282,103.801322880201,1.28484560657522,AYER RAJAH EXPRESSWAY,Layers/Expressway_Sliproad,2
283,103.792924946354,1.28863465539643,AYER RAJAH EXPRESSWAY,Layers/Expressway_Sliproad,2
284,103.792502721048,1.28864039133661,AYER RAJAH EXPRESSWAY,Layers/Expressway_Sliproad,2
285,103.790288067988,1.29082412931808,AYER RAJAH EXPRESSWAY,Layers/Expressway_Sliproad,2
286,103.793463814802,1.2889776361003,AYER RAJAH EXPRESSWAY,Layers/Expressway_Sliproad,2
287,103.793776471585,1.28999396963065,AYER RAJAH EXPRESSWAY,Layers/Expressway_Sliproad,2
288,103.792375916253,1.28987890491578,AYER RAJAH EXPRESSWAY,Layers/Expressway_Sliproad,2
289,103.785562823973,1.29295591923058,AYER RAJAH EXPRESSWAY,Layers/Expressway_Sliproad,2
290,103.784949197811,1.2929087042303,AYER RAJAH EXPRESSWAY,Layers/Expressway_Sliproad,2
291,103.785274642379,1.29325513904145,AYER RAJAH EXPRESSWAY,Layers/Expressway_Sliproad,2
292,103.786317995364,1.29521874754724,AYER RAJAH EXPRESSWAY,Layers/Expressway_Sliproad,2
293,103.7857164831,1.29582903940814,AYER RAJAH EXPRESSWAY,Layers/Expressway_Sliproad,2
294,103.785376208671,1.29562215685262,AYER RAJAH EXPRESSWAY,Layers/Expressway_Sliproad,2
295,103.771458339741,1.30265864480166,AYER RAJAH EXPRESSWAY,Layers/Expressway_Sliproad,2
296,103.770794203209,1.30222309281393,AYER RAJAH EXPRESSWAY,Layers/Expressway_Sliproad,2
297,103.771002256907,1.30277023836887,AYER RAJAH EXPRESSWAY,Layers/Expressway_Sliproad,2
298,103.77118649761,1.30543453797766,AYER RAJAH EXPRESSWAY,Layers/Expressway_Sliproad,2
299,103.823104668231,1.27833965631268,LOWER DELTA ROAD,Layers/Expressway_Sliproad,2
300,103.823104668231,1.27833965631268,LOWER DELTA ROAD,Layers/Expressway_Sliproad,2
301,103.819991313415,1.27903485890775,LOWER DELTA ROAD,Layers/Expressway_Sliproad,2
302,103.825937277317,1.27786721770536,LOWER DELTA ROAD,Layers/Expressway_Sliproad,2
303,103.960424776929,1.36062474165495,LOYANG AVENUE,Layers/Expressway_Sliproad,2
304,103.961732294858,1.35994970044659,LOYANG AVENUE,Layers/Expressway_Sliproad,2
305,103.807074471684,1.41139587862017,MANDAI AVENUE,Layers/Expressway_Sliproad,2
306,103.772578786716,1.40633962312684,MANDAI ROAD,Layers/Expressway_Sliproad,2
307,103.77231004541,1.40935027465276,MANDAI ROAD,Layers/Expressway_Sliproad,2
308,103.77231004541,1.40935027465276,MANDAI ROAD,Layers/Expressway_Sliproad,2
309,103.771184831114,1.41064352061299,MANDAI ROAD,Layers/Expressway_Sliproad,2
310,103.771184831114,1.41064352061299,MANDAI ROAD,Layers/Expressway_Sliproad,2
311,103.771339875333,1.41276127172098,MANDAI ROAD,Layers/Expressway_Sliproad,2
312,103.800983149992,1.41631121129064,MANDAI ROAD,Layers/Expressway_Sliproad,2
313,103.800983149992,1.41631121129064,MANDAI ROAD,Layers/Expressway_Sliproad,2
314,103.800728564617,1.41882859921852,MANDAI ROAD,Layers/Expressway_Sliproad,2
315,103.849520740572,1.27513824957559,MARINA COASTAL EXPRESSWAY,Layers/Expressway_Sliproad,2
316,103.846414802086,1.27237076404147,MARINA COASTAL EXPRESSWAY,Layers/Expressway_Sliproad,2
317,103.868484539316,1.27604015955819,MARINA COASTAL EXPRESSWAY,Layers/Expressway_Sliproad,2
318,103.876331804841,1.29597355226896,MARINA COASTAL EXPRESSWAY,Layers/Expressway_Sliproad,2
319,103.878957741847,1.29561400214138,MARINA COASTAL EXPRESSWAY,Layers/Expressway_Sliproad,2
320,103.879078995132,1.2959298492579,MARINA COASTAL EXPRESSWAY,Layers/Expressway_Sliproad,2
321,103.921647211879,1.30475359180235,MARINE VISTA,Layers/Expressway_Sliproad,2
322,103.840968796091,1.28772845637539,MERCHANT ROAD,Layers/Expressway_Sliproad,2
323,103.852478318969,1.3190778641913,MOULMEIN ROAD,Layers/Expressway_Sliproad,2
324,103.85122513738,1.3190494656742,MOULMEIN ROAD,Layers/Expressway_Sliproad,2
325,103.85122513738,1.3190494656742,MOULMEIN ROAD,Layers/Expressway_Sliproad,2
326,103.825386524381,1.32717952681524,MOUNT PLEASANT ROAD,Layers/Expressway_Sliproad,2
327,103.830602379953,1.32661140996872,MOUNT PLEASANT ROAD,Layers/Expressway_Sliproad,2
328,103.875778701563,1.30915864310197,NICOLL HIGHWAY,Layers/Expressway_Sliproad,2
329,103.872140567625,1.30657802224731,NICOLL UNDERPASS,Layers/Expressway_Sliproad,2
330,103.792344853658,1.28909406421616,NORMANTON PARK,Layers/Expressway_Sliproad,2
331,103.785037789153,1.29525898924817,NORTH BUONA VISTA ROAD,Layers/Expressway_Sliproad,2
332,103.787668794311,1.29278790016114,NORTH BUONA VISTA ROAD,Layers/Expressway_Sliproad,2
333,103.865577623402,1.29435071300154,OPHIR ROAD,Layers/Expressway_Sliproad,2
334,103.833797170754,1.28236371189103,OUTRAM ROAD,Layers/Expressway_Sliproad,2
335,103.876137316083,1.30870611197077,PAN ISLAND EXPRESSWAY,Layers/Expressway_Sliproad,2
336,103.869112380636,1.32721785038637,PAN ISLAND EXPRESSWAY,Layers/Expressway_Sliproad,2
337,103.876542386299,1.31960269266087,PAN ISLAND EXPRESSWAY,Layers/Expressway_Sliproad,2
338,103.890173842801,1.32309367681439,PAN ISLAND EXPRESSWAY,Layers/Expressway_Sliproad,2
339,103.891169361072,1.32181028764165,PAN ISLAND EXPRESSWAY,Layers/Expressway_Sliproad,2
340,103.890173842801,1.32309367681439,PAN ISLAND EXPRESSWAY,Layers/Expressway_Sliproad,2
341,103.890682274978,1.32444308672123,PAN ISLAND EXPRESSWAY,Layers/Expressway_Sliproad,2
342,103.664119676578,1.32257000900929,PAN ISLAND EXPRESSWAY,Layers/Expressway_Sliproad,2
343,103.891640187429,1.32274376306777,PAN ISLAND EXPRESSWAY,Layers/Expressway_Sliproad,2
344,103.875335638986,1.32064947909293,PAN ISLAND EXPRESSWAY,Layers/Expressway_Sliproad,2
345,103.872927632408,1.32376531205393,PAN ISLAND EXPRESSWAY,Layers/Expressway_Sliproad,2
346,103.872177716828,1.32485647673786,PAN ISLAND EXPRESSWAY,Layers/Expressway_Sliproad,2
347,103.904833141251,1.32644827376599,PAN ISLAND EXPRESSWAY,Layers/Expressway_Sliproad,2
348,103.87177015063,1.32525028228865,PAN ISLAND EXPRESSWAY,Layers/Expressway_Sliproad,2
349,103.905606138044,1.32473539590396,PAN ISLAND EXPRESSWAY,Layers/Expressway_Sliproad,2
350,103.904833141251,1.32644827376599,PAN ISLAND EXPRESSWAY,Layers/Expressway_Sliproad,2
351,103.8333735697,1.32622006578686,PAN ISLAND EXPRESSWAY,Layers/Expressway_Sliproad,2
352,103.833924828358,1.32639580456049,PAN ISLAND EXPRESSWAY,Layers/Expressway_Sliproad,2
353,103.833660807923,1.32653670642487,PAN ISLAND EXPRESSWAY,Layers/Expressway_Sliproad,2
354,103.905656549999,1.32800013720251,PAN ISLAND EXPRESSWAY,Layers/Expressway_Sliproad,2
355,103.872272846185,1.29525555101617,KALLANG PAYA LEBAR EXPRESSWAY,Layers/Expressway_Sliproad,2
356,103.882324144008,1.29577186263302,KALLANG PAYA LEBAR EXPRESSWAY,Layers/Expressway_Sliproad,2
357,103.876875625666,1.30811980692531,KALLANG PAYA LEBAR EXPRESSWAY,Layers/Expressway_Sliproad,2
358,103.874673256865,1.31787055473621,KALLANG PAYA LEBAR EXPRESSWAY,Layers/Expressway_Sliproad,2
359,103.87607271366,1.31993936856361,KALLANG PAYA LEBAR EXPRESSWAY,Layers/Expressway_Sliproad,2
360,103.87470152502,1.31839909197034,KALLANG PAYA LEBAR EXPRESSWAY,Layers/Expressway_Sliproad,2
361,103.874814591362,1.31556271379203,KALLANG PAYA LEBAR EXPRESSWAY,Layers/Expressway_Sliproad,2
362,103.879215188136,1.32016567823752,KALLANG PAYA LEBAR EXPRESSWAY,Layers/Expressway_Sliproad,2
363,103.875231103806,1.32052299284443,KALLANG PAYA LEBAR EXPRESSWAY,Layers/Expressway_Sliproad,2
364,103.87607271366,1.31993936856361,KALLANG PAYA LEBAR EXPRESSWAY,Layers/Expressway_Sliproad,2
365,103.879624797668,1.32017399617588,KALLANG PAYA LEBAR EXPRESSWAY,Layers/Expressway_Sliproad,2
366,103.879215188136,1.32016567823752,KALLANG PAYA LEBAR EXPRESSWAY,Layers/Expressway_Sliproad,2
367,103.879211404419,1.32178707066225,KALLANG PAYA LEBAR EXPRESSWAY,Layers/Expressway_Sliproad,2
368,103.887884536956,1.33627782077882,KALLANG PAYA LEBAR EXPRESSWAY,Layers/Expressway_Sliproad,2
369,103.899194646065,1.34330243540775,KALLANG PAYA LEBAR EXPRESSWAY,Layers/Expressway_Sliproad,2
370,103.904447843442,1.36229580543493,KALLANG PAYA LEBAR EXPRESSWAY,Layers/Expressway_Sliproad,2
371,103.903930761864,1.36290030101784,KALLANG PAYA LEBAR EXPRESSWAY,Layers/Expressway_Sliproad,2
372,103.90588479986,1.36375883001894,KALLANG PAYA LEBAR EXPRESSWAY,Layers/Expressway_Sliproad,2
373,103.906250353177,1.36327880712306,KALLANG PAYA LEBAR EXPRESSWAY,Layers/Expressway_Sliproad,2
374,103.90588479986,1.36375883001894,KALLANG PAYA LEBAR EXPRESSWAY,Layers/Expressway_Sliproad,2
375,103.907616702214,1.37060069583611,KALLANG PAYA LEBAR EXPRESSWAY,Layers/Expressway_Sliproad,2
376,103.910958837816,1.37459404104504,KALLANG PAYA LEBAR EXPRESSWAY,Layers/Expressway_Sliproad,2
377,103.91599045427,1.38371619970904,KALLANG PAYA LEBAR EXPRESSWAY,Layers/Expressway_Sliproad,2
378,103.91599045427,1.38371619970904,KALLANG PAYA LEBAR EXPRESSWAY,Layers/Expressway_Sliproad,2
379,103.91851953802,1.38146504661446,KALLANG PAYA LEBAR EXPRESSWAY,Layers/Expressway_Sliproad,2
380,103.915807921695,1.38398443209905,KALLANG PAYA LEBAR EXPRESSWAY,Layers/Expressway_Sliproad,2
381,103.918621849108,1.38494899896667,KALLANG PAYA LEBAR EXPRESSWAY,Layers/Expressway_Sliproad,2
382,103.83203812702,1.27227757604974,KEPPEL ROAD,Layers/Expressway_Sliproad,2
383,103.829424161928,1.27470280898857,KEPPEL ROAD,Layers/Expressway_Sliproad,2
384,103.834785680973,1.27241714028531,KEPPEL ROAD,Layers/Expressway_Sliproad,2
385,103.83203812702,1.27227757604974,KEPPEL ROAD,Layers/Expressway_Sliproad,2
386,103.856633542694,1.3292436367211,KIM KEAT LINK,Layers/Expressway_Sliproad,2
387,103.841025784069,1.30286971832179,KRAMAT ROAD,Layers/Expressway_Sliproad,2
388,103.710423245651,1.36079123932788,KRANJI EXPRESSWAY,Layers/Expressway_Sliproad,2
389,103.732003768339,1.37894056132133,KRANJI EXPRESSWAY,Layers/Expressway_Sliproad,2
390,103.732975716874,1.37860567559923,KRANJI EXPRESSWAY,Layers/Expressway_Sliproad,2
391,103.733408403649,1.37811061132689,KRANJI EXPRESSWAY,Layers/Expressway_Sliproad,2
392,103.732690120909,1.3796122934386,KRANJI EXPRESSWAY,Layers/Expressway_Sliproad,2
393,103.731903574274,1.37982367362216,KRANJI EXPRESSWAY,Layers/Expressway_Sliproad,2
394,103.733243958312,1.37882929338412,KRANJI EXPRESSWAY,Layers/Expressway_Sliproad,2
395,103.740978672949,1.38671705062949,KRANJI EXPRESSWAY,Layers/Expressway_Sliproad,2
396,103.741354897943,1.38705559556624,KRANJI EXPRESSWAY,Layers/Expressway_Sliproad,2
397,103.740876769075,1.3880831981283,KRANJI EXPRESSWAY,Layers/Expressway_Sliproad,2
398,103.756331039216,1.38671675316138,KRANJI EXPRESSWAY,Layers/Expressway_Sliproad,2
399,103.756588612121,1.38636260565809,KRANJI EXPRESSWAY,Layers/Expressway_Sliproad,2
400,103.745779243274,1.38885684331817,KRANJI EXPRESSWAY,Layers/Expressway_Sliproad,2
401,103.745978276918,1.38800387535997,KRANJI EXPRESSWAY,Layers/Expressway_Sliproad,2
402,103.756611217725,1.38691662842333,KRANJI EXPRESSWAY,Layers/Expressway_Sliproad,2
403,103.746205032291,1.38896961061973,KRANJI EXPRESSWAY,Layers/Expressway_Sliproad,2
404,103.764205689251,1.39020178607784,KRANJI EXPRESSWAY,Layers/Expressway_Sliproad,2
405,103.773991361199,1.39296638157871,KRANJI EXPRESSWAY,Layers/Expressway_Sliproad,2
406,103.774494667615,1.39061056588358,KRANJI EXPRESSWAY,Layers/Expressway_Sliproad,2
407,103.830819297373,1.39341004530991,LENTOR AVENUE,Layers/Expressway_Sliproad,2
408,103.83727977595,1.39526305462144,LENTOR AVENUE,Layers/Expressway_Sliproad,2
409,103.846633060393,1.32994064718505,LORONG 2 TOA PAYOH,Layers/Expressway_Sliproad,2
410,103.877966358764,1.29521920690193,EAST COAST PARK SERVICE ROAD,Layers/Expressway_Sliproad,2
411,103.940002517841,1.31040762561406,EAST COAST PARK SERVICE ROAD,Layers/Expressway_Sliproad,2
412,103.948885963021,1.31169519375976,EAST COAST PARK SERVICE ROAD,Layers/Expressway_Sliproad,2
413,103.861033006785,1.2942219999817,EAST COAST PARKWAY,Layers/Expressway_Sliproad,2
414,103.861033006785,1.2942219999817,EAST COAST PARKWAY,Layers/Expressway_Sliproad,2
415,103.858969808786,1.2972823342206,EAST COAST PARKWAY,Layers/Expressway_Sliproad,2
416,103.874449878373,1.29479010777921,EAST COAST PARKWAY,Layers/Expressway_Sliproad,2
417,103.877298580291,1.29895957277996,EAST COAST PARKWAY,Layers/Expressway_Sliproad,2
418,103.884458484579,1.2960614076431,EAST COAST PARKWAY,Layers/Expressway_Sliproad,2
419,103.877281545232,1.28806952407783,EAST COAST PARKWAY,Layers/Expressway_Sliproad,2
420,103.885332352847,1.29508722190933,EAST COAST PARKWAY,Layers/Expressway_Sliproad,2
421,103.884458484579,1.2960614076431,EAST COAST PARKWAY,Layers/Expressway_Sliproad,2
422,103.885982895945,1.29551452783353,EAST COAST PARKWAY,Layers/Expressway_Sliproad,2
423,103.885311076275,1.29689564197046,EAST COAST PARKWAY,Layers/Expressway_Sliproad,2
424,103.897708202176,1.29945747067229,EAST COAST PARKWAY,Layers/Expressway_Sliproad,2
425,103.9104056137,1.30424926434139,EAST COAST PARKWAY,Layers/Expressway_Sliproad,2
426,103.91055484229,1.3017678568747,EAST COAST PARKWAY,Layers/Expressway_Sliproad,2
427,103.909777183971,1.30015172077888,EAST COAST PARKWAY,Layers/Expressway_Sliproad,2
428,103.921099984314,1.30525195616797,EAST COAST PARKWAY,Layers/Expressway_Sliproad,2
429,103.926375932212,1.30698544472527,EAST COAST PARKWAY,Layers/Expressway_Sliproad,2
430,103.934453670568,1.31112207993703,EAST COAST PARKWAY,Layers/Expressway_Sliproad,2
431,103.935110722284,1.30868481938325,EAST COAST PARKWAY,Layers/Expressway_Sliproad,2
432,103.934896985383,1.30949857963246,EAST COAST PARKWAY,Layers/Expressway_Sliproad,2
433,103.93666146992,1.30898951605056,EAST COAST PARKWAY,Layers/Expressway_Sliproad,2
434,103.940864686955,1.31174765118329,EAST COAST PARKWAY,Layers/Expressway_Sliproad,2
435,103.968436139925,1.31906523130384,EAST COAST PARKWAY,Layers/Expressway_Sliproad,2
436,103.969999424449,1.32539473834333,EAST COAST PARKWAY,Layers/Expressway_Sliproad,2
437,103.97117424692,1.32577838005069,EAST COAST PARKWAY,Layers/Expressway_Sliproad,2
438,103.974046254758,1.32579211570969,EAST COAST PARKWAY,Layers/Expressway_Sliproad,2
439,103.976986664307,1.33809243892936,EAST COAST PARKWAY,Layers/Expressway_Sliproad,2
440,103.981241665438,1.33692164587976,EAST COAST PARKWAY,Layers/Expressway_Sliproad,2
441,103.941183981658,1.37104651479609,ELIAS ROAD,Layers/Expressway_Sliproad,2
442,103.805108360779,1.3402358743234,ENG NEO AVENUE,Layers/Expressway_Sliproad,2
443,103.806362835237,1.33898133162491,ENG NEO AVENUE,Layers/Expressway_Sliproad,2
444,103.806959786718,1.33879789055042,ENG NEO AVENUE,Layers/Expressway_Sliproad,2
445,103.806610094048,1.33926141691443,ENG NEO AVENUE,Layers/Expressway_Sliproad,2
446,103.886081924614,1.29609080939589,FORT ROAD,Layers/Expressway_Sliproad,2
447,103.888792875878,1.29582514833495,FORT ROAD,Layers/Expressway_Sliproad,2
448,103.886081924614,1.29609080939589,FORT ROAD,Layers/Expressway_Sliproad,2
449,103.895969374013,1.37053063970939,HOUGANG AVENUE 10,Layers/Expressway_Sliproad,2
450,103.704743806018,1.3218258824123,JALAN AHMAD IBRAHIM,Layers/Expressway_Sliproad,2
451,103.667303095664,1.32198299584379,JALAN AHMAD IBRAHIM,Layers/Expressway_Sliproad,2
452,103.674648857383,1.32232849658077,JALAN AHMAD IBRAHIM,Layers/Expressway_Sliproad,2
453,103.663120195002,1.32269245758622,JALAN AHMAD IBRAHIM,Layers/Expressway_Sliproad,2
454,103.69221466503,1.3226402548011,JALAN AHMAD IBRAHIM,Layers/Expressway_Sliproad,2
455,103.714643418849,1.32253552626056,JALAN AHMAD IBRAHIM,Layers/Expressway_Sliproad,2
456,103.69998985144,1.32248441365234,JALAN AHMAD IBRAHIM,Layers/Expressway_Sliproad,2
457,103.683557740254,1.32282623898561,JALAN AHMAD IBRAHIM,Layers/Expressway_Sliproad,2
458,103.660923828403,1.32529365190473,JALAN AHMAD IBRAHIM,Layers/Expressway_Sliproad,2
459,103.783923919234,1.34331611912861,JALAN ANAK BUKIT,Layers/Expressway_Sliproad,2
460,103.696457706087,1.35312779802527,JALAN BAHAR,Layers/Expressway_Sliproad,2
461,103.697954786194,1.35560438709194,JALAN BAHAR,Layers/Expressway_Sliproad,2
462,103.697769145002,1.35452080373001,JALAN BAHAR,Layers/Expressway_Sliproad,2
463,103.697954786194,1.35560438709194,JALAN BAHAR,Layers/Expressway_Sliproad,2
464,103.699457396792,1.35699285479214,JALAN BAHAR,Layers/Expressway_Sliproad,2
465,103.829168175221,1.27975447641186,JALAN BUKIT MERAH,Layers/Expressway_Sliproad,2
466,103.829168175221,1.27975447641186,JALAN BUKIT MERAH,Layers/Expressway_Sliproad,2
467,103.830225214292,1.28052433937826,JALAN BUKIT MERAH,Layers/Expressway_Sliproad,2
468,103.709939137667,1.31446761898852,JALAN BUROH,Layers/Expressway_Sliproad,2
469,103.709719887372,1.31368320014576,JALAN BUROH,Layers/Expressway_Sliproad,2
470,103.904821701854,1.32548043469839,JALAN EUNOS,Layers/Expressway_Sliproad,2
471,103.903125697164,1.32533847834529,JALAN EUNOS,Layers/Expressway_Sliproad,2
472,103.906704668261,1.3269505158954,JALAN EUNOS,Layers/Expressway_Sliproad,2
473,103.908865283244,1.32724524412293,JALAN EUNOS,Layers/Expressway_Sliproad,2
474,103.906704668261,1.3269505158954,JALAN EUNOS,Layers/Expressway_Sliproad,2
475,103.871991747878,1.40067285460875,JALAN KAYU,Layers/Expressway_Sliproad,2
476,103.863268789433,1.40048378470451,JALAN KAYU,Layers/Expressway_Sliproad,2
477,103.863331559898,1.40083983287913,JALAN KAYU,Layers/Expressway_Sliproad,2
478,103.871991747878,1.40067285460875,JALAN KAYU,Layers/Expressway_Sliproad,2
479,103.868301486798,1.40052391356347,JALAN KAYU,Layers/Expressway_Sliproad,2
480,103.88279012209,1.40414294978169,JALAN KAYU,Layers/Expressway_Sliproad,2
481,103.726953696233,1.35415987525812,JURONG CANAL DRIVE,Layers/Expressway_Sliproad,2
482,103.709449783892,1.31392076996859,JURONG PIER ROAD,Layers/Expressway_Sliproad,2
483,103.709142953796,1.31407175063009,JURONG PIER ROAD,Layers/Expressway_Sliproad,2
484,103.709414731615,1.31419276882878,JURONG PIER ROAD,Layers/Expressway_Sliproad,2
485,103.71015506089,1.31391071780135,JURONG PIER ROAD,Layers/Expressway_Sliproad,2
486,103.710417066301,1.31415719763314,JURONG PIER ROAD,Layers/Expressway_Sliproad,2
487,103.710161398996,1.31428271229687,JURONG PIER ROAD,Layers/Expressway_Sliproad,2
488,103.745371288212,1.32294877463767,JURONG TOWN HALL ROAD,Layers/Expressway_Sliproad,2
489,103.745371288212,1.32294877463767,JURONG TOWN HALL ROAD,Layers/Expressway_Sliproad,2
490,103.742397998951,1.32440801190522,JURONG TOWN HALL ROAD,Layers/Expressway_Sliproad,2
491,103.749347454109,1.32271670524755,JURONG TOWN HALL ROAD,Layers/Expressway_Sliproad,2
492,103.734820912363,1.34810366855842,JURONG TOWN HALL ROAD,Layers/Expressway_Sliproad,2
493,103.737934943597,1.34594048692824,JURONG TOWN HALL ROAD,Layers/Expressway_Sliproad,2
494,103.71458357839,1.35699753293387,JURONG WEST AVENUE 2,Layers/Expressway_Sliproad,2
495,103.717447604392,1.35594521086877,JURONG WEST AVENUE 2,Layers/Expressway_Sliproad,2
496,103.867919170101,1.40163965198471,SELETAR WEST LINK,Layers/Expressway_Sliproad,2
497,103.86280515467,1.40129021374107,SELETAR WEST LINK,Layers/Expressway_Sliproad,2
498,103.867934858851,1.4014834816752,SELETAR WEST LINK,Layers/Expressway_Sliproad,2
499,103.856262217687,1.40080501923591,SELETAR WEST LINK,Layers/Expressway_Sliproad,2
500,103.858841381361,1.40120603441937,SELETAR WEST LINK,Layers/Expressway_Sliproad,2
501,103.855363190938,1.40196035832253,SELETAR WEST LINK,Layers/Expressway_Sliproad,2
502,103.895176620953,1.39956403335069,SENGKANG EAST ROAD,Layers/Expressway_Sliproad,2
503,103.895176620953,1.39956403335069,SENGKANG EAST ROAD,Layers/Expressway_Sliproad,2
504,103.892637311245,1.40033008443341,SENGKANG EAST ROAD,Layers/Expressway_Sliproad,2
505,103.78348831258,1.29697245935374,SOUTH BUONA VISTA ROAD,Layers/Expressway_Sliproad,2
506,103.868039628569,1.3279180898291,SERANGOON ROAD,Layers/Expressway_Sliproad,2
507,103.864890382946,1.32908172017275,SERANGOON ROAD,Layers/Expressway_Sliproad,2
508,103.864281689211,1.32902465981321,SERANGOON ROAD,Layers/Expressway_Sliproad,2
509,103.864067091428,1.32943450872598,SERANGOON ROAD,Layers/Expressway_Sliproad,2
510,103.862631680439,1.33003012715838,SERANGOON ROAD,Layers/Expressway_Sliproad,2
511,103.862927276131,1.3300755064269,SERANGOON ROAD,Layers/Expressway_Sliproad,2
512,103.929863196369,1.30780519643966,SIGLAP LINK,Layers/Expressway_Sliproad,2
513,103.821043368906,1.33576402124146,SIME UNDERPASS,Layers/Expressway_Sliproad,2
514,103.819093788645,1.33717785523717,SIME UNDERPASS,Layers/Expressway_Sliproad,2
515,103.945712299946,1.34028719802001,SIMEI AVENUE,Layers/Expressway_Sliproad,2
516,103.946642618088,1.34188934107111,SIMEI AVENUE,Layers/Expressway_Sliproad,2
517,103.954796282075,1.34810198596756,SIMEI ROAD,Layers/Expressway_Sliproad,2
518,103.873416698293,1.32255929441142,SIMS WAY,Layers/Expressway_Sliproad,2
519,103.906663504381,1.30031195217397,STILL ROAD SOUTH,Layers/Expressway_Sliproad,2
520,103.91287472079,1.30229274223727,STILL ROAD SOUTH,Layers/Expressway_Sliproad,2
521,103.735704276556,1.38173507164359,SUNGEI TENGAH ROAD,Layers/Expressway_Sliproad,2
522,103.982075088371,1.34306545518866,T4 FLYOVER,Layers/Expressway_Sliproad,2
523,103.945496033121,1.3660673075912,TAMPINES AVENUE 12,Layers/Expressway_Sliproad,2
524,103.859064980767,1.32978519472708,PAN ISLAND EXPRESSWAY,Layers/Expressway_Sliproad,2
525,103.853431622007,1.32920930098976,PAN ISLAND EXPRESSWAY,Layers/Expressway_Sliproad,2
526,103.843119507828,1.32940965068659,PAN ISLAND EXPRESSWAY,Layers/Expressway_Sliproad,2
527,103.673290964274,1.33061818570176,PAN ISLAND EXPRESSWAY,Layers/Expressway_Sliproad,2
528,103.839840142718,1.32991131260745,PAN ISLAND EXPRESSWAY,Layers/Expressway_Sliproad,2
529,103.839589044623,1.33014968838951,PAN ISLAND EXPRESSWAY,Layers/Expressway_Sliproad,2
530,103.86034418699,1.33053382565029,PAN ISLAND EXPRESSWAY,Layers/Expressway_Sliproad,2
531,103.847494393859,1.3298603990005,PAN ISLAND EXPRESSWAY,Layers/Expressway_Sliproad,2
532,103.846108796334,1.33100010943463,PAN ISLAND EXPRESSWAY,Layers/Expressway_Sliproad,2
533,103.85865188635,1.32946522763103,PAN ISLAND EXPRESSWAY,Layers/Expressway_Sliproad,2
534,103.860092277653,1.33044042836214,PAN ISLAND EXPRESSWAY,Layers/Expressway_Sliproad,2
535,103.86034418699,1.33053382565029,PAN ISLAND EXPRESSWAY,Layers/Expressway_Sliproad,2
536,103.860283296305,1.33061208821374,PAN ISLAND EXPRESSWAY,Layers/Expressway_Sliproad,2
537,103.860283296305,1.33061208821374,PAN ISLAND EXPRESSWAY,Layers/Expressway_Sliproad,2
538,103.866488446975,1.32912388318434,PAN ISLAND EXPRESSWAY,Layers/Expressway_Sliproad,2
539,103.861852901219,1.33314432440048,PAN ISLAND EXPRESSWAY,Layers/Expressway_Sliproad,2
540,103.861852901219,1.33314432440048,PAN ISLAND EXPRESSWAY,Layers/Expressway_Sliproad,2
541,103.815397401796,1.33074066556099,PAN ISLAND EXPRESSWAY,Layers/Expressway_Sliproad,2
542,103.674909784721,1.33098451278225,PAN ISLAND EXPRESSWAY,Layers/Expressway_Sliproad,2
543,103.676176843422,1.33046402056267,PAN ISLAND EXPRESSWAY,Layers/Expressway_Sliproad,2
544,103.675999880012,1.33397362769621,PAN ISLAND EXPRESSWAY,Layers/Expressway_Sliproad,2
545,103.918514132121,1.3346467818415,PAN ISLAND EXPRESSWAY,Layers/Expressway_Sliproad,2
546,103.764488383082,1.33249461114725,PAN ISLAND EXPRESSWAY,Layers/Expressway_Sliproad,2
547,103.764488383082,1.33249461114725,PAN ISLAND EXPRESSWAY,Layers/Expressway_Sliproad,2
548,103.920066410438,1.33258350056737,PAN ISLAND EXPRESSWAY,Layers/Expressway_Sliproad,2
549,103.76539382501,1.3321887407705,PAN ISLAND EXPRESSWAY,Layers/Expressway_Sliproad,2
550,103.921825495746,1.33026629465819,PAN ISLAND EXPRESSWAY,Layers/Expressway_Sliproad,2
551,103.760196085999,1.33464041630693,PAN ISLAND EXPRESSWAY,Layers/Expressway_Sliproad,2
552,103.764488383082,1.33249461114725,PAN ISLAND EXPRESSWAY,Layers/Expressway_Sliproad,2
553,103.764584345932,1.33305395026099,PAN ISLAND EXPRESSWAY,Layers/Expressway_Sliproad,2
554,103.861776881878,1.33825534990805,PAN ISLAND EXPRESSWAY,Layers/Expressway_Sliproad,2
555,103.817257475018,1.33387282474085,PAN ISLAND EXPRESSWAY,Layers/Expressway_Sliproad,2
556,103.81722894492,1.33401280299785,PAN ISLAND EXPRESSWAY,Layers/Expressway_Sliproad,2
557,103.675600047366,1.33136811765965,PAN ISLAND EXPRESSWAY,Layers/Expressway_Sliproad,2
558,103.815164143183,1.33365386886227,PAN ISLAND EXPRESSWAY,Layers/Expressway_Sliproad,2
559,103.759292359559,1.33420191102517,PAN ISLAND EXPRESSWAY,Layers/Expressway_Sliproad,2
560,103.759696005108,1.3353033089982,PAN ISLAND EXPRESSWAY,Layers/Expressway_Sliproad,2
561,103.934139192981,1.33495700609895,PAN ISLAND EXPRESSWAY,Layers/Expressway_Sliproad,2
562,103.933695589967,1.33459690423803,PAN ISLAND EXPRESSWAY,Layers/Expressway_Sliproad,2
563,103.932958211702,1.33565042796806,PAN ISLAND EXPRESSWAY,Layers/Expressway_Sliproad,2
564,103.932958211702,1.33565042796806,PAN ISLAND EXPRESSWAY,Layers/Expressway_Sliproad,2
565,103.933407837229,1.33608417561573,PAN ISLAND EXPRESSWAY,Layers/Expressway_Sliproad,2
566,103.759797629986,1.33557921355738,PAN ISLAND EXPRESSWAY,Layers/Expressway_Sliproad,2
567,103.764584345932,1.33305395026099,PAN ISLAND EXPRESSWAY,Layers/Expressway_Sliproad,2
568,103.777228552371,1.33857328682381,PAN ISLAND EXPRESSWAY,Layers/Expressway_Sliproad,2
569,103.759617040667,1.3358816119906,PAN ISLAND EXPRESSWAY,Layers/Expressway_Sliproad,2
570,103.760147759647,1.33652971223443,PAN ISLAND EXPRESSWAY,Layers/Expressway_Sliproad,2
571,103.759617040667,1.3358816119906,PAN ISLAND EXPRESSWAY,Layers/Expressway_Sliproad,2
572,103.759236279109,1.33626398898555,PAN ISLAND EXPRESSWAY,Layers/Expressway_Sliproad,2
573,103.980306561165,1.33755145996999,PAN ISLAND EXPRESSWAY,Layers/Expressway_Sliproad,2
574,103.758551045228,1.33639646642522,PAN ISLAND EXPRESSWAY,Layers/Expressway_Sliproad,2
575,103.805673117797,1.33832239131792,PAN ISLAND EXPRESSWAY,Layers/Expressway_Sliproad,2
576,103.861600516823,1.33978400635234,PAN ISLAND EXPRESSWAY,Layers/Expressway_Sliproad,2
577,103.861529640006,1.33928904401401,PAN ISLAND EXPRESSWAY,Layers/Expressway_Sliproad,2
578,103.971143037352,1.33943680093013,PAN ISLAND EXPRESSWAY,Layers/Expressway_Sliproad,2
579,103.980676494958,1.33907709100369,PAN ISLAND EXPRESSWAY,Layers/Expressway_Sliproad,2
580,103.956055018703,1.35075826078116,PAN ISLAND EXPRESSWAY,Layers/Expressway_Sliproad,2
581,103.957393131316,1.34826589197928,PAN ISLAND EXPRESSWAY,Layers/Expressway_Sliproad,2
582,103.963791930293,1.35248304071757,PAN ISLAND EXPRESSWAY,Layers/Expressway_Sliproad,2
583,103.964047915958,1.35264806207968,PAN ISLAND EXPRESSWAY,Layers/Expressway_Sliproad,2
584,103.963794083297,1.35351007123126,PAN ISLAND EXPRESSWAY,Layers/Expressway_Sliproad,2
585,103.728218114226,1.35260270741555,PAN ISLAND EXPRESSWAY,Layers/Expressway_Sliproad,2
586,103.69724432586,1.3548185524476,PAN ISLAND EXPRESSWAY,Layers/Expressway_Sliproad,2
587,103.698521161591,1.35531693581337,PAN ISLAND EXPRESSWAY,Layers/Expressway_Sliproad,2
588,103.697150634374,1.35552996157409,PAN ISLAND EXPRESSWAY,Layers/Expressway_Sliproad,2
589,103.698508625001,1.35458276057033,PAN ISLAND EXPRESSWAY,Layers/Expressway_Sliproad,2
590,103.715917287372,1.35420656037361,PAN ISLAND EXPRESSWAY,Layers/Expressway_Sliproad,2
591,103.717447604392,1.35594521086877,PAN ISLAND EXPRESSWAY,Layers/Expressway_Sliproad,2
592,103.721018809439,1.35564407283767,PAN ISLAND EXPRESSWAY,Layers/Expressway_Sliproad,2
593,103.698521161591,1.35531693581337,PAN ISLAND EXPRESSWAY,Layers/Expressway_Sliproad,2
594,103.717211934616,1.35632163407446,PAN ISLAND EXPRESSWAY,Layers/Expressway_Sliproad,2
595,103.712531684703,1.36770151559702,PAN ISLAND EXPRESSWAY,Layers/Expressway_Sliproad,2
596,103.673290964274,1.33061818570176,PASIR LABA ROAD,Layers/Expressway_Sliproad,2
597,103.935269895101,1.37433678870609,PASIR RIS DRIVE 12,Layers/Expressway_Sliproad,2
598,103.947809934977,1.3669524972247,PASIR RIS DRIVE 8,Layers/Expressway_Sliproad,2
599,103.890427451098,1.32245832436533,PAYA LEBAR ROAD,Layers/Expressway_Sliproad,2
600,103.887572896027,1.32225405221053,PAYA LEBAR ROAD,Layers/Expressway_Sliproad,2
601,103.891644762657,1.32342782763094,PAYA LEBAR ROAD,Layers/Expressway_Sliproad,2
602,103.894303922016,1.32382987613057,PAYA LEBAR ROAD,Layers/Expressway_Sliproad,2
603,103.891644762657,1.32342782763094,PAYA LEBAR ROAD,Layers/Expressway_Sliproad,2
604,103.73750874835,1.32709290210591,PENJURU ROAD,Layers/Expressway_Sliproad,2
605,103.690212998945,1.34554086797238,PIONEER ROAD NORTH,Layers/Expressway_Sliproad,2
606,103.689020985204,1.34478196016164,PIONEER ROAD NORTH,Layers/Expressway_Sliproad,2
607,103.690775983021,1.34668099641399,PIONEER ROAD NORTH,Layers/Expressway_Sliproad,2
608,103.691906332786,1.3475496342478,PIONEER ROAD NORTH,Layers/Expressway_Sliproad,2
609,103.690775983021,1.34668099641399,PIONEER ROAD NORTH,Layers/Expressway_Sliproad,2
610,103.902925482423,1.3968090877821,PUNGGOL ROAD,Layers/Expressway_Sliproad,2
611,103.902925482423,1.3968090877821,PUNGGOL ROAD,Layers/Expressway_Sliproad,2
612,103.898901686009,1.39882739079932,PUNGGOL ROAD,Layers/Expressway_Sliproad,2
613,103.90625404467,1.39502241823202,PUNGGOL ROAD,Layers/Expressway_Sliproad,2
614,103.904212721028,1.3969467573864,PUNGGOL ROAD,Layers/Expressway_Sliproad,2
615,103.904212721028,1.3969467573864,PUNGGOL ROAD,Layers/Expressway_Sliproad,2
616,103.896741466432,1.39929195876377,PUNGGOL ROAD,Layers/Expressway_Sliproad,2
617,103.896599921787,1.39972113645018,PUNGGOL ROAD,Layers/Expressway_Sliproad,2
618,103.895546474087,1.39874076782437,PUNGGOL ROAD,Layers/Expressway_Sliproad,2
619,103.895788331591,1.39942084182504,PUNGGOL ROAD,Layers/Expressway_Sliproad,2
620,103.903783978105,1.39728151504358,PUNGGOL WAY,Layers/Expressway_Sliproad,2
621,103.90407752807,1.39791389763558,PUNGGOL WAY,Layers/Expressway_Sliproad,2
622,103.90208225236,1.39785881732902,PUNGGOL WAY,Layers/Expressway_Sliproad,2
623,103.903136739978,1.39761875622322,PUNGGOL WAY,Layers/Expressway_Sliproad,2
624,103.900027650793,1.3990842641075,PUNGGOL WAY,Layers/Expressway_Sliproad,2
625,103.819733695187,1.39377270418232,SELETAR EXPRESSWAY,Layers/Expressway_Sliproad,2
626,103.832264835123,1.39419424133078,SELETAR EXPRESSWAY,Layers/Expressway_Sliproad,2
627,103.857302520813,1.39561922014113,SELETAR EXPRESSWAY,Layers/Expressway_Sliproad,2
628,103.81875753271,1.39330239281227,SELETAR EXPRESSWAY,Layers/Expressway_Sliproad,2
629,103.818037159561,1.3948674716317,SELETAR EXPRESSWAY,Layers/Expressway_Sliproad,2
630,103.832947904683,1.39443302079636,SELETAR EXPRESSWAY,Layers/Expressway_Sliproad,2
631,103.83079324089,1.39627941439582,SELETAR EXPRESSWAY,Layers/Expressway_Sliproad,2
632,103.833463462944,1.39457039282671,SELETAR EXPRESSWAY,Layers/Expressway_Sliproad,2
633,103.833016427613,1.39484543434862,SELETAR EXPRESSWAY,Layers/Expressway_Sliproad,2
634,103.818796241004,1.39532056467851,SELETAR EXPRESSWAY,Layers/Expressway_Sliproad,2
635,103.832264835123,1.39419424133078,SELETAR EXPRESSWAY,Layers/Expressway_Sliproad,2
636,103.818037159561,1.3948674716317,SELETAR EXPRESSWAY,Layers/Expressway_Sliproad,2
637,103.858132099305,1.3946343337593,SELETAR EXPRESSWAY,Layers/Expressway_Sliproad,2
638,103.854815179606,1.40402172455493,SELETAR EXPRESSWAY,Layers/Expressway_Sliproad,2
639,103.947216942904,1.34120065560031,PAN ISLAND EXPRESSWAY,Layers/Expressway_Sliproad,2
640,103.946369888082,1.34007659936503,PAN ISLAND EXPRESSWAY,Layers/Expressway_Sliproad,2
641,103.748144489199,1.34057815734716,PAN ISLAND EXPRESSWAY,Layers/Expressway_Sliproad,2
642,103.945487519608,1.34334904967998,PAN ISLAND EXPRESSWAY,Layers/Expressway_Sliproad,2
643,103.806193512416,1.34046752966007,PAN ISLAND EXPRESSWAY,Layers/Expressway_Sliproad,2
644,103.777868788107,1.34203566208211,PAN ISLAND EXPRESSWAY,Layers/Expressway_Sliproad,2
645,103.778301592018,1.34143003286175,PAN ISLAND EXPRESSWAY,Layers/Expressway_Sliproad,2
646,103.778610357345,1.34225566183565,PAN ISLAND EXPRESSWAY,Layers/Expressway_Sliproad,2
647,103.946369888082,1.34007659936503,PAN ISLAND EXPRESSWAY,Layers/Expressway_Sliproad,2
648,103.751422365563,1.34022335964501,PAN ISLAND EXPRESSWAY,Layers/Expressway_Sliproad,2
649,103.690083227975,1.3460686629352,PAN ISLAND EXPRESSWAY,Layers/Expressway_Sliproad,2
650,103.964151374902,1.34833549564387,PAN ISLAND EXPRESSWAY,Layers/Expressway_Sliproad,2
651,103.737858383124,1.34535095938333,PAN ISLAND EXPRESSWAY,Layers/Expressway_Sliproad,2
652,103.968843164669,1.34462855723547,PAN ISLAND EXPRESSWAY,Layers/Expressway_Sliproad,2
653,103.96855386658,1.34547783073656,PAN ISLAND EXPRESSWAY,Layers/Expressway_Sliproad,2
654,103.736814795058,1.34504137444487,PAN ISLAND EXPRESSWAY,Layers/Expressway_Sliproad,2
655,103.736876651567,1.34660576965461,PAN ISLAND EXPRESSWAY,Layers/Expressway_Sliproad,2
656,103.691044887576,1.3461698208929,PAN ISLAND EXPRESSWAY,Layers/Expressway_Sliproad,2
657,103.690338935596,1.34661941075711,PAN ISLAND EXPRESSWAY,Layers/Expressway_Sliproad,2
658,103.690816352702,1.34542526640872,PAN ISLAND EXPRESSWAY,Layers/Expressway_Sliproad,2
659,103.737779214167,1.34690839901983,PAN ISLAND EXPRESSWAY,Layers/Expressway_Sliproad,2
660,103.691044887576,1.3461698208929,PAN ISLAND EXPRESSWAY,Layers/Expressway_Sliproad,2
661,103.968396042237,1.3452714469554,PAN ISLAND EXPRESSWAY,Layers/Expressway_Sliproad,2
662,103.963296109367,1.34774462068309,PAN ISLAND EXPRESSWAY,Layers/Expressway_Sliproad,2
663,103.963620383711,1.34878056721551,PAN ISLAND EXPRESSWAY,Layers/Expressway_Sliproad,2
664,103.736876651567,1.34660576965461,PAN ISLAND EXPRESSWAY,Layers/Expressway_Sliproad,2
665,103.790488920726,1.35090008830217,PAN ISLAND EXPRESSWAY,Layers/Expressway_Sliproad,2
666,103.793674698961,1.34807369162101,PAN ISLAND EXPRESSWAY,Layers/Expressway_Sliproad,2
667,103.868712989779,1.32763036934174,PAN ISLAND EXPRESSWAY,Layers/Expressway_Sliproad,2
668,103.826765629065,1.32403005399889,PAN ISLAND EXPRESSWAY,Layers/Expressway_Sliproad,2
669,103.872177716828,1.32485647673786,PAN ISLAND EXPRESSWAY,Layers/Expressway_Sliproad,2
670,103.906711215973,1.32591162590135,PAN ISLAND EXPRESSWAY,Layers/Expressway_Sliproad,2
671,103.838352610163,1.3278617564425,PAN ISLAND EXPRESSWAY,Layers/Expressway_Sliproad,2
672,103.86832192397,1.32689715695414,PAN ISLAND EXPRESSWAY,Layers/Expressway_Sliproad,2
673,103.868614571265,1.32751653207558,PAN ISLAND EXPRESSWAY,Layers/Expressway_Sliproad,2
674,103.827204422414,1.32732555886818,PAN ISLAND EXPRESSWAY,Layers/Expressway_Sliproad,2
675,103.868206219755,1.32779133627283,PAN ISLAND EXPRESSWAY,Layers/Expressway_Sliproad,2
676,103.839178874872,1.32721942513782,PAN ISLAND EXPRESSWAY,Layers/Expressway_Sliproad,2
677,103.83961436492,1.32726141280745,PAN ISLAND EXPRESSWAY,Layers/Expressway_Sliproad,2
678,103.868614571265,1.32751653207558,PAN ISLAND EXPRESSWAY,Layers/Expressway_Sliproad,2
679,103.861924679076,1.3276233846775,PAN ISLAND EXPRESSWAY,Layers/Expressway_Sliproad,2
680,103.839573322426,1.32972553511116,PAN ISLAND EXPRESSWAY,Layers/Expressway_Sliproad,2
681,103.844965462084,1.32988964859458,PAN ISLAND EXPRESSWAY,Layers/Expressway_Sliproad,2
682,103.868712989779,1.32763036934174,PAN ISLAND EXPRESSWAY,Layers/Expressway_Sliproad,2
683,103.870456623821,1.32686842564061,PAN ISLAND EXPRESSWAY,Layers/Expressway_Sliproad,2
684,103.868990114947,1.32801449141187,PAN ISLAND EXPRESSWAY,Layers/Expressway_Sliproad,2
685,103.870456623821,1.32686842564061,PAN ISLAND EXPRESSWAY,Layers/Expressway_Sliproad,2
686,103.837688778272,1.32726255195184,PAN ISLAND EXPRESSWAY,Layers/Expressway_Sliproad,2
687,103.839285784837,1.32756272168294,PAN ISLAND EXPRESSWAY,Layers/Expressway_Sliproad,2
688,103.868870032845,1.32819407460443,PAN ISLAND EXPRESSWAY,Layers/Expressway_Sliproad,2
689,103.868309040386,1.32880727067825,PAN ISLAND EXPRESSWAY,Layers/Expressway_Sliproad,2
690,103.868990114947,1.32801449141187,PAN ISLAND EXPRESSWAY,Layers/Expressway_Sliproad,2
691,103.867990319833,1.3286533397119,PAN ISLAND EXPRESSWAY,Layers/Expressway_Sliproad,2
692,103.839729074128,1.3281968908668,PAN ISLAND EXPRESSWAY,Layers/Expressway_Sliproad,2
693,103.841002956859,1.32800011466709,PAN ISLAND EXPRESSWAY,Layers/Expressway_Sliproad,2
694,103.855165888944,1.33046068429959,PAN ISLAND EXPRESSWAY,Layers/Expressway_Sliproad,2
695,103.864741249654,1.4013000387568,SELETAR EXPRESSWAY,Layers/Expressway_Sliproad,2
696,103.867934858851,1.4014834816752,SELETAR EXPRESSWAY,Layers/Expressway_Sliproad,2
697,103.86620023284,1.4015217921561,SELETAR EXPRESSWAY,Layers/Expressway_Sliproad,2
698,103.868884909666,1.40152366633231,SELETAR EXPRESSWAY,Layers/Expressway_Sliproad,2
699,103.867934858851,1.4014834816752,SELETAR EXPRESSWAY,Layers/Expressway_Sliproad,2
700,103.868855628789,1.40220079837239,SELETAR EXPRESSWAY,Layers/Expressway_Sliproad,2
701,103.808431271151,1.41517199713571,SELETAR EXPRESSWAY,Layers/Expressway_Sliproad,2
702,103.801501138227,1.41690556819685,SELETAR EXPRESSWAY,Layers/Expressway_Sliproad,2
703,103.801139394285,1.41601181842203,SELETAR EXPRESSWAY,Layers/Expressway_Sliproad,2
704,103.802287612619,1.41619547429428,SELETAR EXPRESSWAY,Layers/Expressway_Sliproad,2
705,103.771373827588,1.42094324268849,SELETAR EXPRESSWAY,Layers/Expressway_Sliproad,2
706,103.77104867842,1.4237602913423,SELETAR EXPRESSWAY,Layers/Expressway_Sliproad,2
707,103.77116820909,1.42079816368189,SELETAR EXPRESSWAY,Layers/Expressway_Sliproad,2
708,103.795108183572,1.4226215116431,SELETAR EXPRESSWAY,Layers/Expressway_Sliproad,2
709,103.766985826817,1.41741659880293,SELETAR EXPRESSWAY,Layers/Expressway_Sliproad,2
710,103.771448805136,1.41772581193186,SELETAR EXPRESSWAY,Layers/Expressway_Sliproad,2
711,103.772930960051,1.42193028196397,SELETAR EXPRESSWAY,Layers/Expressway_Sliproad,2
712,103.795693495355,1.42330072286746,SELETAR EXPRESSWAY,Layers/Expressway_Sliproad,2
713,103.785112472251,1.42514316359229,SELETAR EXPRESSWAY,Layers/Expressway_Sliproad,2
714,103.786860787667,1.42865824381385,SELETAR EXPRESSWAY,Layers/Expressway_Sliproad,2
715,103.885564320996,1.40135458126764,SELETAR LINK,Layers/Expressway_Sliproad,2
716,103.857647065448,1.3961749346988,SELETAR WEST LINK,Layers/Expressway_Sliproad,2
717,103.857889265872,1.39589726619031,SELETAR WEST LINK,Layers/Expressway_Sliproad,2
718,103.851797133566,1.39635301140715,SELETAR WEST LINK,Layers/Expressway_Sliproad,2
719,103.857658977417,1.39848398837923,SELETAR WEST LINK,Layers/Expressway_Sliproad,2
720,103.86145283313,1.40140700013132,SELETAR WEST LINK,Layers/Expressway_Sliproad,2
758,103.945496033121,1.3660673075912,TAMPINES AVENUE 12,Layers/Expressway_Sliproad,2
759,103.943858730664,1.36837281676577,TAMPINES AVENUE 12,Layers/Expressway_Sliproad,2
760,103.964336914615,1.34967283814101,UPPER CHANGI ROAD EAST,Layers/Expressway_Sliproad,2
761,103.964047915958,1.35264806207968,UPPER CHANGI ROAD EAST,Layers/Expressway_Sliproad,2
762,103.963372897671,1.35502797437459,UPPER CHANGI ROAD NORTH,Layers/Expressway_Sliproad,2
763,103.841462760434,1.28876377988962,UPPER CROSS STREET,Layers/Expressway_Sliproad,2
764,103.672669346438,1.33016236065987,UPPER JURONG ROAD,Layers/Expressway_Sliproad,2
765,103.674594041011,1.3304004197862,UPPER JURONG ROAD,Layers/Expressway_Sliproad,2
766,103.674594041011,1.3304004197862,UPPER JURONG ROAD,Layers/Expressway_Sliproad,2
767,103.895591006111,1.37064252033598,UPPER SERANGOON ROAD,Layers/Expressway_Sliproad,2
768,103.792707216349,1.42363854394647,WOODLANDS AVENUE 12,Layers/Expressway_Sliproad,2
769,103.797990384723,1.42102787638591,WOODLANDS AVENUE 12,Layers/Expressway_Sliproad,2
770,103.783304744094,1.42644227915041,WOODLANDS AVENUE 2,Layers/Expressway_Sliproad,2
771,103.789037424601,1.4257112926706,WOODLANDS AVENUE 2,Layers/Expressway_Sliproad,2
772,103.769944108851,1.42861742809545,WOODLANDS AVENUE 3,Layers/Expressway_Sliproad,2
773,103.76943742134,1.43105991283247,WOODLANDS AVENUE 3,Layers/Expressway_Sliproad,2
774,103.76943742134,1.43105991283247,WOODLANDS AVENUE 3,Layers/Expressway_Sliproad,2
775,103.768620138115,1.43679484396156,WOODLANDS CENTRE ROAD,Layers/Expressway_Sliproad,2
776,103.75682362396,1.38722589324041,WOODLANDS ROAD,Layers/Expressway_Sliproad,2
777,103.755471729553,1.38863318920484,WOODLANDS ROAD,Layers/Expressway_Sliproad,2
778,103.75682362396,1.38722589324041,WOODLANDS ROAD,Layers/Expressway_Sliproad,2
779,103.755745547695,1.38903754723892,WOODLANDS ROAD,Layers/Expressway_Sliproad,2
780,103.759936409889,1.38956754032777,WOODLANDS ROAD,Layers/Expressway_Sliproad,2
781,103.755745547695,1.38903754723892,WOODLANDS ROAD,Layers/Expressway_Sliproad,2
782,103.858329887051,1.38844975590421,YIO CHU KANG ROAD,Layers/Expressway_Sliproad,2
783,103.857729483265,1.39207595456745,YIO CHU KANG ROAD,Layers/Expressway_Sliproad,2
784,103.858516262406,1.38994419199581,YIO CHU KANG ROAD,Layers/Expressway_Sliproad,2
785,103.857729483265,1.39207595456745,YIO CHU KANG ROAD,Layers/Expressway_Sliproad,2
786,103.857640138112,1.3932670011159,YIO CHU KANG ROAD,Layers/Expressway_Sliproad,2
787,103.856821150264,1.39594577821159,YIO CHU KANG ROAD,Layers/Expressway_Sliproad,2
788,103.857292057422,1.39532059834739,YIO CHU KANG ROAD,Layers/Expressway_Sliproad,2
789,103.856625456066,1.39634918711152,YIO CHU KANG ROAD,Layers/Expressway_Sliproad,2
790,103.856821150264,1.39594577821159,YIO CHU KANG ROAD,Layers/Expressway_Sliproad,2
791,103.856625456066,1.39634918711152,YIO CHU KANG ROAD,Layers/Expressway_Sliproad,2
792,103.853346700106,1.39729463332184,YIO CHU KANG ROAD,Layers/Expressway_Sliproad,2
793,103.856256237428,1.39698850105576,YIO CHU KANG ROAD,Layers/Expressway_Sliproad,2
794,103.859107659048,1.40103757832576,YIO CHU KANG ROAD,Layers/Expressway_Sliproad,2
795,103.870394777377,1.4011766546479,YIO CHU KANG ROAD,Layers/Expressway_Sliproad,2
796,103.86151560129,1.40159076612373,YIO CHU KANG ROAD,Layers/Expressway_Sliproad,2
797,103.863330110416,1.40147014561221,YIO CHU KANG ROAD,Layers/Expressway_Sliproad,2
798,103.86263968641,1.40167115019408,YIO CHU KANG ROAD,Layers/Expressway_Sliproad,2
811,103.944542336636,1.33935556725694,TAMPINES AVENUE 5,Layers/Expressway_Sliproad,2
812,103.950032448572,1.34421426891582,TAMPINES AVENUE 5,Layers/Expressway_Sliproad,2
813,103.946198725258,1.34379749472217,TAMPINES AVENUE 5,Layers/Expressway_Sliproad,2
814,103.959142158254,1.36232021794609,TAMPINES AVENUE 7,Layers/Expressway_Sliproad,2
815,103.962750156397,1.35758821444579,TAMPINES AVENUE 7,Layers/Expressway_Sliproad,2
816,103.964388495892,1.35274689669658,TAMPINES EXPRESSWAY,Layers/Expressway_Sliproad,2
817,103.961467063229,1.35917194514449,TAMPINES EXPRESSWAY,Layers/Expressway_Sliproad,2
818,103.960461159789,1.35955959829704,TAMPINES EXPRESSWAY,Layers/Expressway_Sliproad,2
819,103.960873513323,1.36117907099308,TAMPINES EXPRESSWAY,Layers/Expressway_Sliproad,2
820,103.961940008276,1.36102571287134,TAMPINES EXPRESSWAY,Layers/Expressway_Sliproad,2
821,103.960873513323,1.36117907099308,TAMPINES EXPRESSWAY,Layers/Expressway_Sliproad,2
822,103.945769764261,1.36534557269312,TAMPINES EXPRESSWAY,Layers/Expressway_Sliproad,2
823,103.946050921968,1.36624566697725,TAMPINES EXPRESSWAY,Layers/Expressway_Sliproad,2
824,103.946476857209,1.36780006786998,TAMPINES EXPRESSWAY,Layers/Expressway_Sliproad,2
825,103.946654233116,1.3687662930261,TAMPINES EXPRESSWAY,Layers/Expressway_Sliproad,2
826,103.945938128949,1.36805084235269,TAMPINES EXPRESSWAY,Layers/Expressway_Sliproad,2
827,103.938705114175,1.37127796366773,TAMPINES EXPRESSWAY,Layers/Expressway_Sliproad,2
828,103.940146256163,1.37286464262296,TAMPINES EXPRESSWAY,Layers/Expressway_Sliproad,2
829,103.932805086568,1.37495463643364,TAMPINES EXPRESSWAY,Layers/Expressway_Sliproad,2
830,103.931337934557,1.37456933669633,TAMPINES EXPRESSWAY,Layers/Expressway_Sliproad,2
831,103.931882704699,1.37581598382216,TAMPINES EXPRESSWAY,Layers/Expressway_Sliproad,2
832,103.933200683059,1.37566201244693,TAMPINES EXPRESSWAY,Layers/Expressway_Sliproad,2
833,103.930687499669,1.37590218461979,TAMPINES EXPRESSWAY,Layers/Expressway_Sliproad,2
834,103.931882704699,1.37581598382216,TAMPINES EXPRESSWAY,Layers/Expressway_Sliproad,2
835,103.932365257277,1.37688447388429,TAMPINES EXPRESSWAY,Layers/Expressway_Sliproad,2
836,103.931164131655,1.37652226856242,TAMPINES EXPRESSWAY,Layers/Expressway_Sliproad,2
837,103.9181887433,1.38080405674603,TAMPINES EXPRESSWAY,Layers/Expressway_Sliproad,2
838,103.914646606737,1.38238405875294,TAMPINES EXPRESSWAY,Layers/Expressway_Sliproad,2
839,103.916206295374,1.38060233202558,TAMPINES EXPRESSWAY,Layers/Expressway_Sliproad,2
840,103.918162586408,1.38345418008423,TAMPINES EXPRESSWAY,Layers/Expressway_Sliproad,2
841,103.920346931819,1.3853736808626,TAMPINES EXPRESSWAY,Layers/Expressway_Sliproad,2
842,103.858111700923,1.39113328760861,TAMPINES EXPRESSWAY,Layers/Expressway_Sliproad,2
843,103.859838245964,1.39070200103711,TAMPINES EXPRESSWAY,Layers/Expressway_Sliproad,2
844,103.903924470205,1.39613765389507,TAMPINES EXPRESSWAY,Layers/Expressway_Sliproad,2
845,103.903061915709,1.3960200411068,TAMPINES EXPRESSWAY,Layers/Expressway_Sliproad,2
846,103.903381853746,1.39646496386364,TAMPINES EXPRESSWAY,Layers/Expressway_Sliproad,2
847,103.900980757849,1.39803190217568,TAMPINES EXPRESSWAY,Layers/Expressway_Sliproad,2
848,103.856424690189,1.39776214210392,TAMPINES EXPRESSWAY,Layers/Expressway_Sliproad,2
849,103.897881974419,1.3998968489626,TAMPINES EXPRESSWAY,Layers/Expressway_Sliproad,2
850,103.857910792048,1.39492489197391,TAMPINES EXPRESSWAY,Layers/Expressway_Sliproad,2
851,103.8584167592,1.39231824633103,TAMPINES EXPRESSWAY,Layers/Expressway_Sliproad,2
852,103.895077065149,1.40055194190735,TAMPINES EXPRESSWAY,Layers/Expressway_Sliproad,2
853,103.896841074067,1.40025838601866,TAMPINES EXPRESSWAY,Layers/Expressway_Sliproad,2
854,103.896428550841,1.401339366639,TAMPINES EXPRESSWAY,Layers/Expressway_Sliproad,2
855,103.87227886264,1.40028655442748,TAMPINES EXPRESSWAY,Layers/Expressway_Sliproad,2
856,103.872310176912,1.40064319068927,TAMPINES EXPRESSWAY,Layers/Expressway_Sliproad,2
857,103.859361885705,1.40037061612312,TAMPINES EXPRESSWAY,Layers/Expressway_Sliproad,2
858,103.87265734736,1.40063064494447,TAMPINES EXPRESSWAY,Layers/Expressway_Sliproad,2
859,103.876299813194,1.40152310355334,TAMPINES EXPRESSWAY,Layers/Expressway_Sliproad,2
860,103.872288476551,1.40153707964355,TAMPINES EXPRESSWAY,Layers/Expressway_Sliproad,2
861,103.881320783233,1.40139679878064,TAMPINES EXPRESSWAY,Layers/Expressway_Sliproad,2
862,103.938262175653,1.372485104936,TAMPINES LINK,Layers/Expressway_Sliproad,2
863,103.903774500978,1.36014272265459,TAMPINES ROAD,Layers/Expressway_Sliproad,2
864,103.905080433043,1.36367318029792,TAMPINES ROAD,Layers/Expressway_Sliproad,2
865,103.905080433043,1.36367318029792,TAMPINES ROAD,Layers/Expressway_Sliproad,2
866,103.905327880709,1.36249942735593,TAMPINES ROAD,Layers/Expressway_Sliproad,2
867,103.906715196679,1.36737888344528,TAMPINES ROAD,Layers/Expressway_Sliproad,2
868,103.909120628,1.37397483487039,TAMPINES ROAD,Layers/Expressway_Sliproad,2
869,103.909308943365,1.37707223657014,TAMPINES ROAD,Layers/Expressway_Sliproad,2
870,103.958162344447,1.35039335745035,TAMPINES STREET 31,Layers/Expressway_Sliproad,2
871,103.971707567863,1.32375418182984,TANAH MERAH COAST ROAD,Layers/Expressway_Sliproad,2
872,103.975765760995,1.32594093440999,TANAH MERAH COAST ROAD,Layers/Expressway_Sliproad,2
873,103.895724233166,1.29629042168823,TANJONG KATONG ROAD SOUTH,Layers/Expressway_Sliproad,2
874,103.899564649101,1.29799716267983,TANJONG KATONG ROAD SOUTH,Layers/Expressway_Sliproad,2
875,103.84007951344,1.32890889436133,THOMSON ROAD,Layers/Expressway_Sliproad,2
876,103.842538084036,1.32966098489598,THOMSON ROAD,Layers/Expressway_Sliproad,2
877,103.746759168432,1.34266137479886,TOH GUAN ROAD,Layers/Expressway_Sliproad,2
878,103.759145879767,1.33518497896165,TOH TUCK AVENUE,Layers/Expressway_Sliproad,2
879,103.75659633157,1.33709950061623,TOH TUCK AVENUE,Layers/Expressway_Sliproad,2
880,103.759145879767,1.33518497896165,TOH TUCK AVENUE,Layers/Expressway_Sliproad,2
881,103.760757776831,1.33533338193001,TOH TUCK AVENUE,Layers/Expressway_Sliproad,2
882,103.663380090556,1.32320592897401,TUAS ROAD,Layers/Expressway_Sliproad,2
883,103.643108211794,1.32654044618351,TUAS VIADUCT,Layers/Expressway_Sliproad,2
884,103.631291927047,1.32122109428403,TUAS VIADUCT,Layers/Expressway_Sliproad,2
885,103.647908531266,1.3223271090368,TUAS VIADUCT,Layers/Expressway_Sliproad,2
886,103.875422571674,1.2942394024087,UNNAMED ROAD,Layers/Expressway_Sliproad,2
887,103.818209016313,1.39419777940127,UPPER THOMSON ROAD,Layers/Expressway_Sliproad,2
888,103.816122971321,1.39517456860435,UPPER THOMSON ROAD,Layers/Expressway_Sliproad,2
889,103.819401472857,1.39446532030732,UPPER THOMSON ROAD,Layers/Expressway_Sliproad,2
890,103.823442919776,1.39322281426115,UPPER THOMSON ROAD,Layers/Expressway_Sliproad,2
891,103.819401472857,1.39446532030732,UPPER THOMSON ROAD,Layers/Expressway_Sliproad,2
892,103.961294862318,1.35048744074306,UPPER CHANGI ROAD EAST,Layers/Expressway_Sliproad,2
893,103.964356911979,1.34948624274593,UPPER CHANGI ROAD EAST,Layers/Expressway_Sliproad,2
894,103.963640323123,1.35001999438406,UPPER CHANGI ROAD EAST,Layers/Expressway_Sliproad,2
